{
    "camera_data": {
        "camera_look_at": {
            "at": [
                0.0,
                0.0,
                0.0
            ],
            "eye": [
                0.0,
                0.5,
                1.0
            ],
            "up": [
                0.0,
                0.0,
                1.0
            ]
        },
        "camera_view_matrix": [
            [
                0.651102602481842,
                0.5846855044364929,
                -0.48395073413848877,
                0.0
            ],
            [
                0.7589897513389587,
                -0.5015748739242554,
                0.41515928506851196,
                0.0
            ],
            [
                7.450580596923828e-08,
                -0.6376249194145203,
                -0.770346999168396,
                0.0
            ],
            [
                5.3401265631691786e-08,
                5.960464477539063e-08,
                0.6273281574249268,
                1.0
            ]
        ],
        "height": 480,
        "intrinsics": {
            "cx": 320.0,
            "cy": 240.0,
            "fx": 610.59326171875,
            "fy": 610.605712890625
        },
        "location_worldframe": [
            0.3035958409309387,
            -0.2604410946369171,
            0.4832603633403778
        ],
        "quaternion_xyzw_worldframe": [
            0.8548427224159241,
            0.3929597735404968,
            -0.1415320634841919,
            -0.30788829922676086
        ],
        "width": 640
    },
    "objects": [
        {
            "bounding_box_minx_maxx_miny_maxy": [
                129,
                239,
                217,
                323
            ],
            "class": "Apple_4K",
            "local_cuboid": null,
            "local_to_world_matrix": [
                [
                    0.3636743128299713,
                    0.11911117285490036,
                    0.9238797426223755,
                    -0.0
                ],
                [
                    0.311252623796463,
                    -0.9503273367881775,
                    -0.0,
                    0.0
                ],
                [
                    0.8779881596565247,
                    0.28755998611450195,
                    -0.38268330693244934,
                    -0.0
                ],
                [
                    -0.017316779121756554,
                    -0.14173297584056854,
                    0.05000000447034836,
                    1.0
                ]
            ],
            "location": [
                -0.11884881556034088,
                0.02908363938331604,
                0.5383495092391968
            ],
            "location_worldframe": [
                -0.017316779121756554,
                -0.14173297584056854,
                0.05000000447034836
            ],
            "name": "obj_Apple_4K_0",
            "projected_cuboid": [
                [
                    267.8899383544922,
                    249.30218696594238
                ],
                [
                    242.3480224609375,
                    291.0180473327637
                ],
                [
                    187.3080825805664,
                    357.2342777252197
                ],
                [
                    205.85721969604492,
                    322.85130500793457
                ],
                [
                    179.2499542236328,
                    180.4015016555786
                ],
                [
                    165.77281951904297,
                    231.39043807983398
                ],
                [
                    104.42873001098633,
                    292.49622344970703
                ],
                [
                    108.65896224975586,
                    247.03445434570312
                ],
                [
                    183.40702056884766,
                    271.62649154663086
                ]
            ],
            "provenance": "nvisii",
            "px_count_all": 0,
            "px_count_visib": 0,
            "quaternion_xyzw": [
                -0.4120889902114868,
                0.5792609453201294,
                0.029327988624572754,
                0.7026944160461426
            ],
            "quaternion_xyzw_worldframe": [
                0.8210793137550354,
                0.13103599846363068,
                0.5486278533935547,
                -0.08755548298358917
            ],
            "segmentation_id": 2,
            "visibility": 1
        },
        {
            "bounding_box_minx_maxx_miny_maxy": [
                218,
                297,
                331,
                411
            ],
            "class": "Peach",
            "local_cuboid": null,
            "local_to_world_matrix": [
                [
                    0.8745640516281128,
                    -0.4849100410938263,
                    8.742277657347586e-08,
                    -0.0
                ],
                [
                    -0.4849100410938263,
                    -0.8745640516281128,
                    -3.552713678800501e-15,
                    0.0
                ],
                [
                    7.645682131851572e-08,
                    -4.239218398538469e-08,
                    -1.0,
                    -0.0
                ],
                [
                    0.1018611341714859,
                    -0.14938971400260925,
                    0.05000000447034836,
                    1.0
                ]
            ],
            "location": [
                -0.047063153237104416,
                0.1026056632399559,
                0.4774945080280304
            ],
            "location_worldframe": [
                0.1018611341714859,
                -0.14938971400260925,
                0.05000000447034836
            ],
            "name": "obj_Peach_1",
            "projected_cuboid": [
                [
                    305.4397201538086,
                    414.8561954498291
                ],
                [
                    291.7934036254883,
                    347.11981773376465
                ],
                [
                    218.7103271484375,
                    360.3226089477539
                ],
                [
                    226.63795471191406,
                    430.2765941619873
                ],
                [
                    304.1276741027832,
                    381.0204792022705
                ],
                [
                    289.2989158630371,
                    309.63117599487305
                ],
                [
                    209.15260314941406,
                    323.46113204956055
                ],
                [
                    217.05080032348633,
                    397.42475509643555
                ],
                [
                    258.0230712890625,
                    369.84867095947266
                ]
            ],
            "provenance": "nvisii",
            "px_count_all": 0,
            "px_count_visib": 0,
            "quaternion_xyzw": [
                -0.26263225078582764,
                0.21412810683250427,
                0.5945204496383667,
                0.7291905879974365
            ],
            "quaternion_xyzw_worldframe": [
                0.968133270740509,
                -0.25043556094169617,
                4.2318450965694865e-08,
                1.0946886064289174e-08
            ],
            "segmentation_id": 3,
            "visibility": 1
        },
        {
            "bounding_box_minx_maxx_miny_maxy": [
                519,
                594,
                100,
                184
            ],
            "class": "santal_ace",
            "local_cuboid": null,