{
    "camera_data": {
        "camera_look_at": {
            "at": [
                0.0,
                0.0,
                0.0
            ],
            "eye": [
                0.0,
                0.5,
                1.0
            ],
            "up": [
                0.0,
                0.0,
                1.0
            ]
        },
        "camera_view_matrix": [
            [
                -0.8010367155075073,
                0.5299055576324463,
                -0.27846091985702515,
                0.0
            ],
            [
                0.5986154079437256,
                0.7090927362442017,
                -0.37262219190597534,
                0.0
            ],
            [
                1.4901161193847656e-08,
                -0.46517497301101685,
                -0.8852187395095825,
                0.0
            ],
            [
                1.845967645408564e-08,
                -5.960464477539063e-08,
                0.859891414642334,
                1.0
            ]
        ],
        "height": 480,
        "intrinsics": {
            "cx": 320.0,
            "cy": 240.0,
            "fx": 610.59326171875,
            "fy": 610.605712890625
        },
        "location_worldframe": [
            0.23944613337516785,
            0.32041460275650024,
            0.7611919641494751
        ],
        "quaternion_xyzw_worldframe": [
            0.30622270703315735,
            0.9213234782218933,
            -0.22733519971370697,
            -0.07556001842021942
        ],
        "width": 640
    },
    "objects": [
        {
            "bounding_box_minx_maxx_miny_maxy": [
                238,
                302,
                113,
                181
            ],
            "class": "Apple_4K",
            "local_cuboid": null,
            "local_to_world_matrix": [
                [
                    0.3636743128299713,
                    0.11911117285490036,
                    0.9238797426223755,
                    -0.0
                ],
                [
                    0.311252623796463,
                    -0.9503273367881775,
                    -0.0,
                    0.0
                ],
                [
                    0.8779881596565247,
                    0.28755998611450195,
                    -0.38268330693244934,
                    -0.0
                ],
                [
                    -0.017316779121756554,
                    -0.14173297584056854,
                    0.05000000447034836,
                    1.0
                ]
            ],
            "location": [
                -0.07097215205430984,
                -0.13293687999248505,
                0.8732653856277466
            ],
            "location_worldframe": [
                -0.017316779121756554,
                -0.14173297584056854,
                0.05000000447034836
            ],
            "name": "obj_Apple_4K_0",
            "projected_cuboid": [
                [
                    264.0308380126953,
                    180.1241397857666
                ],
                [
                    284.0684700012207,
                    196.18901252746582
                ],
                [
                    239.0872573852539,
                    168.729887008667
                ],
                [
                    214.54504013061523,
                    150.01969814300537
                ],
                [
                    302.2547912597656,
                    119.37751293182373
                ],
                [
                    318.3144760131836,
                    141.69919967651367
                ],
                [
                    272.5539970397949,
                    115.61116218566895
                ],
                [
                    251.8006134033203,
                    90.9722900390625
                ],
                [
                    268.5805130004883,
                    145.68700790405273
                ]
            ],
            "provenance": "nvisii",
            "px_count_all": 0,
            "px_count_visib": 0,
            "quaternion_xyzw": [
                -0.5704821348190308,
                0.42542845010757446,
                0.6549947261810303,
                0.254052996635437
            ],
            "quaternion_xyzw_worldframe": [
                0.8210793137550354,
                0.13103599846363068,
                0.5486278533935547,
                -0.08755548298358917
            ],
            "segmentation_id": 2,
            "visibility": 1
        },
        {
            "bounding_box_minx_maxx_miny_maxy": [
                171,
                216,
                162,
                206
            ],
            "class": "Peach",
            "local_cuboid": null,
            "local_to_world_matrix": [
                [
                    0.8745640516281128,
                    -0.4849100410938263,
                    8.742277657347586e-08,
                    -0.0
                ],
                [
                    -0.4849100410938263,
                    -0.8745640516281128,
                    -3.552713678800501e-15,
                    0.0
                ],
                [
                    7.645682131851572e-08,
                    -4.239218398538469e-08,
                    -1.0,
                    -0.0
                ],
                [
                    0.1018611341714859,
                    -0.14938971400260925,
                    0.05000000447034836,
                    1.0
                ]
            ],
            "location": [
                -0.1710214763879776,
                -0.07521319389343262,
                0.8429320454597473
            ],
            "location_worldframe": [
                0.1018611341714859,
                -0.14938971400260925,
                0.05000000447034836
            ],
            "name": "obj_Peach_1",
            "projected_cuboid": [
                [
                    176.6994857788086,
                    216.871919631958
                ],
                [
                    221.23111724853516,
                    211.67407035827637
                ],
                [
                    218.55730056762695,
                    174.66293334960938
                ],
                [
                    175.47239303588867,
                    179.52658653259277
                ],
                [
                    167.52368927001953,
                    194.653959274292
                ],
                [
                    214.97343063354492,
                    189.22852993011475
                ],
                [
                    212.349853515625,
                    150.68933486938477
                ],
                [
                    166.53915405273438,
                    155.74453353881836
                ],
                [
                    194.32226181030273,
                    184.1563367843628
                ]
            ],
            "provenance": "nvisii",
            "px_count_all": 0,
            "px_count_visib": 0,
            "quaternion_xyzw": [
                -0.01621938869357109,
                0.23901373147964478,
                0.9686530828475952,
                0.06573221832513809
            ],
            "quaternion_xyzw_worldframe": [
                0.968133270740509,
                -0.25043556094169617,
                4.2318450965694865e-08,
                1.0946886064289174e-08
            ],
            "segmentation_id": 3,
            "visibility": 1
        },
        {
            "bounding_box_minx_maxx_miny_maxy": [
                341,
                428,
                378,
                461
            ],
            "class": "santal_ace",
            "local_cuboid": null,