{
    "camera_data": {
        "camera_look_at": {
            "at": [
                0.0,
                0.0,
                0.0
            ],
            "eye": [
                0.0,
                0.5,
                1.0
            ],
            "up": [
                0.0,
                0.0,
                1.0
            ]
        },
        "camera_view_matrix": [
            [
                -0.8740878105163574,
                -0.3715391755104065,
                0.3129364848136902,
                0.0
            ],
            [
                -0.48576807975769043,
                0.668545126914978,
                -0.56309574842453,
                0.0
            ],
            [
                -1.4901161193847656e-08,
                -0.6442096829414368,
                -0.7648489475250244,
                0.0
            ],
            [
                -7.824498382547063e-09,
                0.0,
                0.6209158301353455,
                1.0
            ]
        ],
        "height": 480,
        "intrinsics": {
            "cx": 320.0,
            "cy": 240.0,
            "fx": 610.59326171875,
            "fy": 610.605712890625
        },
        "location_worldframe": [
            -0.19430720806121826,
            0.3496350646018982,
            0.4749068021774292
        ],
        "quaternion_xyzw_worldframe": [
            -0.23569901287555695,
            0.9093241095542908,
            -0.33192384243011475,
            0.08603546768426895
        ],
        "width": 640
    },
    "objects": [
        {
            "bounding_box_minx_maxx_miny_maxy": [
                350,
                442,
                84,
                173
            ],
            "class": "Apple_4K",
            "local_cuboid": null,
            "local_to_world_matrix": [
                [
                    -0.18539950251579285,
                    -0.06072232499718666,
                    0.9807851910591125,
                    -0.0
                ],
                [
                    0.3112526535987854,
                    -0.9503272771835327,
                    -0.0,
                    0.0
                ],
                [
                    0.9320669174194336,
                    0.3052719831466675,
                    0.1950901448726654,
                    -0.0
                ],
                [
                    -0.017316779121756554,
                    -0.14173299074172974,
                    0.04999999701976776,
                    1.0
                ]
            ],
            "location": [
                0.08398573845624924,
                -0.12053151428699493,
                0.6570635437965393
            ],
            "location_worldframe": [
                -0.017316779121756554,
                -0.14173299074172974,
                0.04999999701976776
            ],
            "name": "obj_Apple_4K_0",
            "projected_cuboid": [
                [
                    358.56616973876953,
                    103.52118015289307
                ],
                [
                    336.86962127685547,
                    172.78441429138184
                ],
                [
                    349.1905212402344,
                    123.36994171142578
                ],
                [
                    370.51258087158203,
                    54.12172794342041
                ],
                [
                    453.3535385131836,
                    130.58574199676514
                ],
                [
                    421.0533142089844,
                    196.50305271148682
                ],
                [
                    427.03922271728516,
                    145.51013946533203
                ],
                [
                    457.3439025878906,
                    79.1447639465332
                ],
                [
                    396.2506866455078,
                    126.63000583648682
                ]
            ],
            "provenance": "nvisii",
            "px_count_all": 0,
            "px_count_visib": 0,
            "quaternion_xyzw": [
                -0.7021335363388062,
                0.14739622175693512,
                0.6184642910957336,
                -0.320600688457489
            ],
            "quaternion_xyzw_worldframe": [
                0.6264656782150269,
                0.09997763484716415,
                0.7633506655693054,
                -0.12182309478521347
            ],
            "segmentation_id": 2,
            "visibility": 1
        },
        {
            "bounding_box_minx_maxx_miny_maxy": [
                277,
                330,
                62,
                117
            ],
            "class": "Peach",
            "local_cuboid": null,
            "local_to_world_matrix": [
                [
                    0.8745640516281128,
                    -0.4849100410938263,
                    8.742277657347586e-08,
                    -0.0
                ],
                [
                    -0.4849100410938263,
                    -0.8745640516281128,
                    -3.552713678800501e-15,
                    0.0
                ],
                [
                    7.645682131851572e-08,
                    -4.239218398538469e-08,
                    -1.0,
                    -0.0
                ],
                [
                    0.1018611341714859,
                    -0.14938971400260925,
                    0.05000000447034836,
                    1.0
                ]
            ],
            "location": [
                -0.016466835513710976,
                -0.1699296534061432,
                0.6986701488494873
            ],
            "location_worldframe": [
                0.1018611341714859,
                -0.14938971400260925,
                0.05000000447034836
            ],
            "name": "obj_Peach_1",
            "projected_cuboid": [
                [
                    268.28285217285156,
                    105.5617618560791
                ],
                [
                    294.7688293457031,
                    134.5520782470703
                ],
                [
                    340.87535858154297,
                    116.01625442504883
                ],
                [
                    313.05273056030273,
                    88.69301319122314
                ],
                [
                    265.00219345092773,
                    63.01926612854004
                ],
                [
                    293.14807891845703,
                    91.78662300109863
                ],
                [
                    342.3932647705078,
                    73.37199211120605
                ],
                [
                    312.72443771362305,
                    46.36535167694092
                ],
                [
                    303.81378173828125,
                    90.12894630432129
                ]
            ],
            "provenance": "nvisii",
            "px_count_all": 0,
            "px_count_visib": 0,
            "quaternion_xyzw": [
                0.16641929745674133,
                0.29980018734931946,
                0.821319580078125,
                -0.4559152126312256
            ],
            "quaternion_xyzw_worldframe": [
                0.968133270740509,
                -0.25043556094169617,
                4.2318450965694865e-08,
                1.0946886064289174e-08
            ],
            "segmentation_id": 3,
            "visibility": 1
        },
        {
            "bounding_box_minx_maxx_miny_maxy": [
                0,
                107,
                312,
                430
            ],
            "class": "santal_ace",
            "local_cuboid": null,