{
    "camera_data": {
        "camera_look_at": {
            "at": [
                0.0,
                0.0,
                0.0
            ],
            "eye": [
                0.0,
                0.5,
                1.0
            ],
            "up": [
                0.0,
                0.0,
                1.0
            ]
        },
        "camera_view_matrix": [
            [
                0.9977385401725769,
                -0.035360969603061676,
                0.057160720229148865,
                0.0
            ],
            [
                -0.06721418350934982,
                -0.524904191493988,
                0.8485031723976135,
                0.0
            ],
            [
                -3.725290298461914e-09,
                -0.8504263758659363,
                -0.5260939598083496,
                0.0
            ],
            [
                2.7844662131570885e-09,
                -2.9802322387695312e-08,
                0.4703521728515625,
                1.0
            ]
        ],
        "height": 480,
        "intrinsics": {
            "cx": 320.0,
            "cy": 240.0,
            "fx": 610.59326171875,
            "fy": 610.605712890625
        },
        "location_worldframe": [
            -0.02688567526638508,
            -0.39909541606903076,
            0.24744944274425507
        ],
        "quaternion_xyzw_worldframe": [
            0.8730316758155823,
            -0.02937326952815056,
            0.016368458047509193,
            -0.48650288581848145
        ],
        "width": 640
    },
    "objects": [
        {
            "bounding_box_minx_maxx_miny_maxy": [
                209,
                391,
                211,
                389
            ],
            "class": "Apple_4K",
            "local_cuboid": null,
            "local_to_world_matrix": [
                [
                    -0.5279735326766968,
                    -0.17292270064353943,
                    0.8314696550369263,
                    -0.0
                ],
                [
                    0.311252623796463,
                    -0.9503272771835327,
                    -1.4901162970204496e-08,
                    0.0
                ],
                [
                    0.790168285369873,
                    0.2587971091270447,
                    0.5555702447891235,
                    -0.0
                ],
                [
                    -0.017316777259111404,
                    -0.14173297584056854,
                    0.05000000447034836,
                    1.0
                ]
            ],
            "location": [
                -0.0077511463314294815,
                0.03248721733689308,
                0.3227967619895935
            ],
            "location_worldframe": [
                -0.017316777259111404,
                -0.14173297584056854,
                0.05000000447034836
            ],
            "name": "obj_Apple_4K_0",
            "projected_cuboid": [
                [
                    295.8645248413086,
                    148.49842071533203
                ],
                [
                    379.0277862548828,
                    254.9784278869629
                ],
                [
                    453.3487319946289,
                    338.48095893859863
                ],
                [
                    365.74337005615234,
                    223.60394954681396
                ],
                [
                    158.32483291625977,
                    262.8796577453613
                ],
                [
                    262.1818161010742,
                    350.9545612335205
                ],
                [
                    311.3353157043457,
                    453.9385414123535
                ],
                [
                    191.94091796875,
                    366.7921257019043
                ],
                [
                    303.5429000854492,
                    300.09246826171875
                ]
            ],
            "provenance": "nvisii",
            "px_count_all": 0,
            "px_count_visib": 0,
            "quaternion_xyzw": [
                -0.0783327966928482,
                0.7124792337417603,
                -0.4999516010284424,
                0.4860921800136566
            ],
            "quaternion_xyzw_worldframe": [
                0.46550607681274414,
                0.07429008185863495,
                0.870900571346283,
                -0.1389869749546051
            ],
            "segmentation_id": 2,
            "visibility": 1
        },
        {
            "bounding_box_minx_maxx_miny_maxy": [
                469,
                592,
                242,
                359
            ],
            "class": "Peach",
            "local_cuboid": null,
            "local_to_world_matrix": [
                [
                    0.8745640516281128,
                    -0.4849100410938263,
                    8.742277657347586e-08,
                    -0.0
                ],
                [
                    -0.4849100410938263,
                    -0.8745640516281128,
                    -3.552713678800501e-15,
                    0.0
                ],
                [
                    7.645682131851572e-08,
                    -4.239218398538469e-08,
                    -1.0,
                    -0.0
                ],
                [
                    0.1018611341714859,
                    -0.14938971400260925,
                    0.05000000447034836,
                    1.0
                ]
            ],
            "location": [
                0.11167188733816147,
                0.03229202702641487,
                0.32311227917671204
            ],
            "location_worldframe": [
                0.1018611341714859,
                -0.14938971400260925,
                0.05000000447034836
            ],
            "name": "obj_Peach_1",
            "projected_cuboid": [
                [
                    584.2159271240234,
                    324.2339515686035
                ],
                [
                    476.4011764526367,
                    296.4059543609619
                ],
                [
                    449.90997314453125,
                    360.88125228881836
                ],
                [
                    572.9066848754883,
                    397.90924072265625
                ],
                [
                    609.818115234375,
                    237.47450351715088
                ],
                [
                    490.6300354003906,
                    212.82307147979736
                ],
                [
                    463.69346618652344,
                    270.37665367126465
                ],
                [
                    601.7599868774414,
                    304.13726806640625
                ],
                [
                    529.2337036132812,
                    299.66434478759766
                ]
            ],
            "provenance": "nvisii",
            "px_count_all": 0,
            "px_count_visib": 0,
            "quaternion_xyzw": [
                -0.4750988185405731,
                0.10599079728126526,
                0.19020089507102966,
                0.8525670170783997
            ],
            "quaternion_xyzw_worldframe": [
                0.968133270740509,
                -0.25043556094169617,
                4.2318450965694865e-08,
                1.0946886064289174e-08
            ],
            "segmentation_id": 3,
            "visibility": 1
        },
        {
            "bounding_box_minx_maxx_miny_maxy": [
                345,
                437,
                46,
                106
            ],
            "class": "santal_ace",
            "local_cuboid": null,