{
    "camera_data": {
        "camera_look_at": {
            "at": [
                0.4703345000743866,
                -0.8477399349212646,
                0.6195443272590637
            ],
            "eye": [
                0.3033823072910309,
                -0.9198747873306274,
                0.7844141721725464
            ],
            "up": [
                0.5436227917671204,
                -0.13056102395057678,
                0.8291128277778625
            ]
        },
        "camera_view_matrix": [
            [
                0.0,
                -1.0,
                0.0,
                0.0
            ],
            [
                0.0,
                0.0,
                -1.0,
                0.0
            ],
            [
                1.0,
                0.0,
                0.0,
                0.0
            ],
            [
                0.0,
                0.0,
                0.0,
                1.0
            ]
        ],
        "height": 480,
        "intrinsics": {
            "cx": 320.0,
            "cy": 240.0,
            "fx": 610.59326171875,
            "fy": 610.605712890625
        },
        "location_worldframe": [
            0.0,
            0.0,
            0.0
        ],
        "quaternion_xyzw_worldframe": [
            0.5,
            -0.5,
            0.5,
            0.5
        ],
        "width": 640
    },
    "objects": [
        {
            "bounding_box_minx_maxx_miny_maxy": [
                195,
                426,
                146,
                329
            ],
            "class": "santal_ace",
            "local_cuboid": null,
            "local_to_world_matrix": [
                [
                    -0.027555826789673693,
                    0.32214887093482036,
                    0.9462878956033192,
                    0.4703345000743866
                ],
                [
                    0.9948982047199799,
                    -0.08306626359780964,
                    0.057249961544620254,
                    -0.8477399349212646
                ],
                [
                    0.09704761024826314,
                    0.9430376985080289,
                    -0.3182163737738545,
                    0.6195443272590637
                ],
                [
                    0.0,
                    0.0,
                    0.0,
                    1.0
                ]
            ],
            "location": [
                0.8477399349212646,
                -0.6195443272590637,
                0.4703345000743866
            ],
            "location_worldframe": [
                0.4703345000743866,
                -0.8477399349212646,
                0.6195443272590637
            ],
            "name": "hope_santal_ace_0",
            "projected_cuboid": [
                [
                    246.43037796020508,
                    283.7520503997803
                ],
                [
                    427.8919982910156,
                    283.28186988830566
                ],
                [
                    422.63092041015625,
                    137.3506736755371
                ],
                [
                    220.90354919433594,
                    147.7895450592041
                ],
                [
                    217.36417770385742,
                    337.20829010009766
                ],
                [
                    425.55065155029297,
                    340.6900978088379
                ],
                [
                    418.9927291870117,
                    176.42990112304688
                ],
                [
                    183.6947250366211,
                    185.5201292037964
                ],
                [
                    317.9538345336914,
                    239.26912307739258
                ]
            ],
            "provenance": "nvisii",
            "px_count_all": 37960,
            "px_count_visib": 37960,
            "quaternion_xyzw": [
                -0.021515100422319522,
                0.16245969546985492,
                0.9854217116076913,
                -0.04569461777745423
            ],
            "quaternion_xyzw_worldframe": [
                0.5860304622163405,
                0.5618509448612058,
                0.4450858671688051,
                0.3778761489690313
            ],
            "segmentation_id": 1,
            "visibility": 1.0
        }
    ]
}