{
    "camera_data": {
        "camera_look_at": {
            "at": [
                0.4703345000743866,
                -0.8477399349212646,
                0.6195443272590637
            ],
            "eye": [
                0.9493155479431152,
                -0.4193688631057739,
                0.7281791567802429
            ],
            "up": [
                0.2222568690776825,
                -0.6031566858291626,
                0.7660312652587891
            ]
        },
        "camera_view_matrix": [
            [
                0.0,
                -1.0,
                0.0,
                0.0
            ],
            [
                0.0,
                0.0,
                -1.0,
                0.0
            ],
            [
                1.0,
                0.0,
                0.0,
                0.0
            ],
            [
                0.0,
                0.0,
                0.0,
                1.0
            ]
        ],
        "height": 480,
        "intrinsics": {
            "cx": 320.0,
            "cy": 240.0,
            "fx": 610.59326171875,
            "fy": 610.605712890625
        },
        "location_worldframe": [
            0.0,
            0.0,
            0.0
        ],
        "quaternion_xyzw_worldframe": [
            0.5,
            -0.5,
            0.5,
            0.5
        ],
        "width": 640
    },
    "objects": [
        {
            "bounding_box_minx_maxx_miny_maxy": [
                275,
                361,
                196,
                284
            ],
            "class": "santal_ace",
            "local_cuboid": null,
            "local_to_world_matrix": [
                [
                    -0.027555826789673693,
                    0.32214887093482036,
                    0.9462878956033192,
                    0.4703345000743866
                ],
                [
                    0.9948982047199799,
                    -0.08306626359780964,
                    0.057249961544620254,
                    -0.8477399349212646
                ],
                [
                    0.09704761024826314,
                    0.9430376985080289,
                    -0.3182163737738545,
                    0.6195443272590637
                ],
                [
                    0.0,
                    0.0,
                    0.0,
                    1.0
                ]
            ],
            "location": [
                0.8477399349212646,
                -0.6195443272590637,
                0.4703345000743866
            ],
            "location_worldframe": [
                0.4703345000743866,
                -0.8477399349212646,
                0.6195443272590637
            ],
            "name": "hope_santal_ace_0",
            "projected_cuboid": [
                [
                    317.65893936157227,
                    286.77186012268066
                ],
                [
                    272.17967987060547,
                    247.5615119934082
                ],
                [
                    290.49108505249023,
                    192.70952224731445
                ],
                [
                    339.35787200927734,
                    228.40561866760254
                ],
                [
                    346.82884216308594,
                    284.7890567779541
                ],
                [
                    300.9498596191406,
                    247.33400344848633
                ],
                [
                    319.44318771362305,
                    194.7896146774292
                ],
                [
                    368.5844421386719,
                    229.02899265289307
                ],
                [
                    318.5926818847656,
                    238.6391830444336
                ]
            ],
            "provenance": "nvisii",
            "px_count_all": 5185,
            "px_count_visib": 5185,
            "quaternion_xyzw": [
                -0.021515100422319522,
                0.16245969546985492,
                0.9854217116076913,
                -0.04569461777745423
            ],
            "quaternion_xyzw_worldframe": [
                0.5860304622163405,
                0.5618509448612058,
                0.4450858671688051,
                0.3778761489690313
            ],
            "segmentation_id": 1,
            "visibility": 1.0
        }
    ]
}