{
    "camera_data": {
        "camera_look_at": {
            "at": [
                0.4703345000743866,
                -0.8477399349212646,
                0.6195443272590637
            ],
            "eye": [
                0.8313241004943848,
                -0.5117478966712952,
                0.3603455126285553
            ],
            "up": [
                0.37279200553894043,
                -0.1699947714805603,
                0.9122104644775391
            ]
        },
        "camera_view_matrix": [
            [
                0.0,
                -1.0,
                0.0,
                0.0
            ],
            [
                0.0,
                0.0,
                -1.0,
                0.0
            ],
            [
                1.0,
                0.0,
                0.0,
                0.0
            ],
            [
                0.0,
                0.0,
                0.0,
                1.0
            ]
        ],
        "height": 480,
        "intrinsics": {
            "cx": 320.0,
            "cy": 240.0,
            "fx": 610.59326171875,
            "fy": 610.605712890625
        },
        "location_worldframe": [
            0.0,
            0.0,
            0.0
        ],
        "quaternion_xyzw_worldframe": [
            0.5,
            -0.5,
            0.5,
            0.5
        ],
        "width": 640
    },
    "objects": [
        {
            "bounding_box_minx_maxx_miny_maxy": [
                266,
                368,
                198,
                278
            ],
            "class": "santal_ace",
            "local_cuboid": null,
            "local_to_world_matrix": [
                [
                    -0.027555826789673693,
                    0.32214887093482036,
                    0.9462878956033192,
                    0.4703345000743866
                ],
                [
                    0.9948982047199799,
                    -0.08306626359780964,
                    0.057249961544620254,
                    -0.8477399349212646
                ],
                [
                    0.09704761024826314,
                    0.9430376985080289,
                    -0.3182163737738545,
                    0.6195443272590637
                ],
                [
                    0.0,
                    0.0,
                    0.0,
                    1.0
                ]
            ],
            "location": [
                0.8477399349212646,
                -0.6195443272590637,
                0.4703345000743866
            ],
            "location_worldframe": [
                0.4703345000743866,
                -0.8477399349212646,
                0.6195443272590637
            ],
            "name": "hope_santal_ace_0",
            "projected_cuboid": [
                [
                    343.2502746582031,
                    266.3451862335205
                ],
                [
                    263.35886001586914,
                    270.11369705200195
                ],
                [
                    272.62203216552734,
                    201.17926597595215
                ],
                [
                    350.47412872314453,
                    191.65178775787354
                ],
                [
                    366.9892120361328,
                    278.5422992706299
                ],
                [
                    289.8584175109863,
                    281.15864753723145
                ],
                [
                    297.7895927429199,
                    215.71550846099854
                ],
                [
                    372.98866271972656,
                    207.9281759262085
                ],
                [
                    318.5328674316406,
                    238.81721019744873
                ]
            ],
            "provenance": "nvisii",
            "px_count_all": 7225,
            "px_count_visib": 7225,
            "quaternion_xyzw": [
                -0.021515100422319522,
                0.16245969546985492,
                0.9854217116076913,
                -0.04569461777745423
            ],
            "quaternion_xyzw_worldframe": [
                0.5860304622163405,
                0.5618509448612058,
                0.4450858671688051,
                0.3778761489690313
            ],
            "segmentation_id": 1,
            "visibility": 1.0
        }
    ]
}