{
    "camera_data": {
        "camera_look_at": {
            "at": [
                0.4703345000743866,
                -0.8477399349212646,
                0.6195443272590637
            ],
            "eye": [
                -0.004954137839376926,
                -1.1734957695007324,
                0.6757827401161194
            ],
            "up": [
                0.01556343212723732,
                -0.031879670917987823,
                0.9993705153465271
            ]
        },
        "camera_view_matrix": [
            [
                0.0,
                -1.0,
                0.0,
                0.0
            ],
            [
                0.0,
                0.0,
                -1.0,
                0.0
            ],
            [
                1.0,
                0.0,
                0.0,
                0.0
            ],
            [
                0.0,
                0.0,
                0.0,
                1.0
            ]
        ],
        "height": 480,
        "intrinsics": {
            "cx": 320.0,
            "cy": 240.0,
            "fx": 610.59326171875,
            "fy": 610.605712890625
        },
        "location_worldframe": [
            0.0,
            0.0,
            0.0
        ],
        "quaternion_xyzw_worldframe": [
            0.5,
            -0.5,
            0.5,
            0.5
        ],
        "width": 640
    },
    "objects": [
        {
            "bounding_box_minx_maxx_miny_maxy": [
                267,
                370,
                201,
                280
            ],
            "class": "santal_ace",
            "local_cuboid": null,
            "local_to_world_matrix": [
                [
                    -0.027555826789673693,
                    0.32214887093482036,
                    0.9462878956033192,
                    0.4703345000743866
                ],
                [
                    0.9948982047199799,
                    -0.08306626359780964,
                    0.057249961544620254,
                    -0.8477399349212646
                ],
                [
                    0.09704761024826314,
                    0.9430376985080289,
                    -0.3182163737738545,
                    0.6195443272590637
                ],
                [
                    0.0,
                    0.0,
                    0.0,
                    1.0
                ]
            ],
            "location": [
                0.8477399349212646,
                -0.6195443272590637,
                0.4703345000743866
            ],
            "location_worldframe": [
                0.4703345000743866,
                -0.8477399349212646,
                0.6195443272590637
            ],
            "name": "hope_santal_ace_0",
            "projected_cuboid": [
                [
                    286.0793113708496,
                    270.2827262878418
                ],
                [
                    359.2420959472656,
                    283.48803520202637
                ],
                [
                    373.90892028808594,
                    214.62026596069336
                ],
                [
                    300.69114685058594,
                    206.49524688720703
                ],
                [
                    261.9426918029785,
                    262.37789154052734
                ],
                [
                    337.97515869140625,
                    275.80687522888184
                ],
                [
                    353.9331817626953,
                    202.54377365112305
                ],
                [
                    277.78608322143555,
                    194.83803749084473
                ],
                [
                    317.9101753234863,
                    238.50565910339355
                ]
            ],
            "provenance": "nvisii",
            "px_count_all": 6580,
            "px_count_visib": 6580,
            "quaternion_xyzw": [
                -0.021515100422319522,
                0.16245969546985492,
                0.9854217116076913,
                -0.04569461777745423
            ],
            "quaternion_xyzw_worldframe": [
                0.5860304622163405,
                0.5618509448612058,
                0.4450858671688051,
                0.3778761489690313
            ],
            "segmentation_id": 1,
            "visibility": 1.0
        }
    ]
}