{
    "camera_data": {
        "camera_look_at": {
            "at": [
                0.4703345000743866,
                -0.8477399349212646,
                0.6195443272590637
            ],
            "eye": [
                0.5145773887634277,
                -0.8524674773216248,
                0.7078253626823425
            ],
            "up": [
                -0.6741330027580261,
                -0.2541522681713104,
                0.6935065388679504
            ]
        },
        "camera_view_matrix": [
            [
                0.0,
                -1.0,
                0.0,
                0.0
            ],
            [
                0.0,
                0.0,
                -1.0,
                0.0
            ],
            [
                1.0,
                0.0,
                0.0,
                0.0
            ],
            [
                0.0,
                0.0,
                0.0,
                1.0
            ]
        ],
        "height": 480,
        "intrinsics": {
            "cx": 320.0,
            "cy": 240.0,
            "fx": 610.59326171875,
            "fy": 610.605712890625
        },
        "location_worldframe": [
            0.0,
            0.0,
            0.0
        ],
        "quaternion_xyzw_worldframe": [
            0.5,
            -0.5,
            0.5,
            0.5
        ],
        "width": 640
    },
    "objects": [
        {
            "bounding_box_minx_maxx_miny_maxy": [
                0,
                639,
                1,
                431
            ],
            "class": "santal_ace",
            "local_cuboid": null,
            "local_to_world_matrix": [
                [
                    -0.027555826789673693,
                    0.32214887093482036,
                    0.9462878956033192,
                    0.4703345000743866
                ],
                [
                    0.9948982047199799,
                    -0.08306626359780964,
                    0.057249961544620254,
                    -0.8477399349212646
                ],
                [
                    0.09704761024826314,
                    0.9430376985080289,
                    -0.3182163737738545,
                    0.6195443272590637
                ],
                [
                    0.0,
                    0.0,
                    0.0,
                    1.0
                ]
            ],
            "location": [
                0.8477399349212646,
                -0.6195443272590637,
                0.4703345000743866
            ],
            "location_worldframe": [
                0.4703345000743866,
                -0.8477399349212646,
                0.6195443272590637
            ],
            "name": "hope_santal_ace_0",
            "projected_cuboid": [
                [
                    496.56028747558594,
                    393.77477645874023
                ],
                [
                    106.73990249633789,
                    317.77055740356445
                ],
                [
                    -111.58458709716797,
                    310.87377548217773
                ],
                [
                    686.6764068603516,
                    467.80826568603516
                ],
                [
                    525.2215576171875,
                    198.9969778060913
                ],
                [
                    151.51126861572266,
                    129.44340705871582
                ],
                [
                    -6.4197540283203125,
                    -54.92365837097168
                ],
                [
                    727.0768737792969,
                    76.44641876220703
                ],
                [
                    318.85990142822266,
                    235.25141716003418
                ]
            ],
            "provenance": "nvisii",
            "px_count_all": 210401,
            "px_count_visib": 210401,
            "quaternion_xyzw": [
                -0.021515100422319522,
                0.16245969546985492,
                0.9854217116076913,
                -0.04569461777745423
            ],
            "quaternion_xyzw_worldframe": [
                0.5860304622163405,
                0.5618509448612058,
                0.4450858671688051,
                0.3778761489690313
            ],
            "segmentation_id": 1,
            "visibility": 1.0
        }
    ]
}