{
  "camera_params": {
    "width": 640,
    "height": 480,
    "fx": 610.59326171875,
    "fy": 610.605712890625,
    "cx": 317.7075500488281,
    "cy": 238.1421356201172
  }
}
